{"v":"5.9.6","fr":24,"ip":0,"op":28,"w":64,"h":64,"nm":"trash-can","ddd":0,"assets":[],"layers":[{"ddd":0,"ind":1,"ty":4,"nm":"can","sr":1,"ks":{"o":{"a":0,"k":100,"ix":11},"r":{"a":0,"k":0,"ix":10},"p":{"a":1,"k":[{"i":{"x":0.667,"y":1},"o":{"x":0.333,"y":0},"t":4,"s":[32,32,0],"to":[0,0.208,0],"ti":[0,0.208,0]},{"i":{"x":0.667,"y":1},"o":{"x":0.333,"y":0},"t":10,"s":[32,33.25,0],"to":[0,-0.208,0],"ti":[0,0.208,0]},{"i":{"x":0.667,"y":1},"o":{"x":0.333,"y":0},"t":18,"s":[32,30.75,0],"to":[0,-0.208,0],"ti":[0,-0.208,0]},{"t":24,"s":[32,32,0]}],"ix":2,"l":2},"a":{"a":0,"k":[0,0,0],"ix":1,"l":2},"s":{"a":1,"k":[{"i":{"x":[0.667,0.667,0.667],"y":[1,1,1]},"o":{"x":[0.333,0.333,0.333],"y":[0,0,0]},"t":4,"s":[100,100,100]},{"i":{"x":[0.667,0.667,0.667],"y":[1,1,1]},"o":{"x":[0.333,0.333,0.333],"y":[0,0,0]},"t":10,"s":[105,95,100]},{"i":{"x":[0.667,0.667,0.667],"y":[1,1,1]},"o":{"x":[0.333,0.333,0.333],"y":[0,0,0]},"t":18,"s":[90,110,100]},{"t":24,"s":[100,100,100]}],"ix":6,"l":2}},"ao":0,"shapes":[{"ty":"gr","it":[{"ind":0,"ty":"sh","ix":1,"ks":{"a":1,"k":[{"i":{"x":0.667,"y":1},"o":{"x":0.333,"y":0},"t":4,"s":[{"i":[[-1.33,0.093],[0,0],[0,0],[0,0],[0,0]],"o":[[1.33,-0.093],[0,0],[0,0],[0,0],[0,0]],"v":[[-13.023,-8.93],[-10.957,-8.07],[-8.992,21],[-13.004,21],[-14.947,-7.793]],"c":true}]},{"i":{"x":0.667,"y":1},"o":{"x":0.333,"y":0},"t":10,"s":[{"i":[[-1.33,0.093],[0,0],[0,0],[0,0],[0,0]],"o":[[1.33,-0.093],[0,0],[0,0],[0,0],[0,0]],"v":[[-12.971,-5.377],[-10.904,-4.518],[-8.992,21],[-13.004,21],[-14.895,-4.24]],"c":true}]},{"i":{"x":0.667,"y":1},"o":{"x":0.333,"y":0},"t":18,"s":[{"i":[[-1.33,0.093],[0,0],[0,0],[0,0],[0,0]],"o":[[1.33,-0.093],[0,0],[0,0],[0,0],[0,0]],"v":[[-12.941,-10.328],[-10.875,-9.468],[-8.992,21],[-13.004,21],[-14.865,-9.191]],"c":true}]},{"t":24,"s":[{"i":[[-1.33,0.093],[0,0],[0,0],[0,0],[0,0]],"o":[[1.33,-0.093],[0,0],[0,0],[0,0],[0,0]],"v":[[-13.023,-8.93],[-10.957,-8.07],[-8.992,21],[-13.004,21],[-14.947,-7.793]],"c":true}]}],"ix":2},"nm":"Path 1","mn":"ADBE Vector Shape - Group","hd":false},{"ind":1,"ty":"sh","ix":2,"ks":{"a":1,"k":[{"i":{"x":0.667,"y":1},"o":{"x":0.333,"y":0},"t":4,"s":[{"i":[[0,0],[-1.333,0],[0,0],[0,0],[0,0]],"o":[[0,0],[1.333,0],[0,0],[0,0],[0,0]],"v":[[-2,-8],[0,-9],[2,-8],[2,21],[-2,21]],"c":true}]},{"i":{"x":0.667,"y":1},"o":{"x":0.333,"y":0},"t":10,"s":[{"i":[[0,0],[-1.333,0],[0,0],[0,0],[0,0]],"o":[[0,0],[1.333,0],[0,0],[0,0],[0,0]],"v":[[-1.947,-4.447],[0.053,-5.447],[2.053,-4.447],[2,21],[-2,21]],"c":true}]},{"i":{"x":0.667,"y":1},"o":{"x":0.333,"y":0},"t":18,"s":[{"i":[[0,0],[-1.333,0],[0,0],[0,0],[0,0]],"o":[[0,0],[1.333,0],[0,0],[0,0],[0,0]],"v":[[-1.918,-9.398],[0.082,-10.398],[2.082,-9.398],[2,21],[-2,21]],"c":true}]},{"t":24,"s":[{"i":[[0,0],[-1.333,0],[0,0],[0,0],[0,0]],"o":[[0,0],[1.333,0],[0,0],[0,0],[0,0]],"v":[[-2,-8],[0,-9],[2,-8],[2,21],[-2,21]],"c":true}]}],"ix":2},"nm":"Path 2","mn":"ADBE Vector Shape - Group","hd":false},{"ind":2,"ty":"sh","ix":3,"ks":{"a":1,"k":[{"i":{"x":0.667,"y":1},"o":{"x":0.333,"y":0},"t":4,"s":[{"i":[[0,0],[-1.33,-0.093],[0,0],[0,0],[0,0]],"o":[[0,0],[1.33,0.093],[0,0],[0,0],[0,0]],"v":[[10.914,-8.07],[12.979,-8.93],[14.904,-7.793],[12.961,21],[8.949,21]],"c":true}]},{"i":{"x":0.667,"y":1},"o":{"x":0.333,"y":0},"t":10,"s":[{"i":[[0,0],[-1.33,-0.093],[0,0],[0,0],[0,0]],"o":[[0,0],[1.33,0.093],[0,0],[0,0],[0,0]],"v":[[10.967,-4.518],[13.031,-5.377],[14.957,-4.24],[12.961,21],[8.949,21]],"c":true}]},{"i":{"x":0.667,"y":1},"o":{"x":0.333,"y":0},"t":18,"s":[{"i":[[0,0],[-1.33,-0.093],[0,0],[0,0],[0,0]],"o":[[0,0],[1.33,0.093],[0,0],[0,0],[0,0]],"v":[[10.996,-9.468],[13.061,-10.328],[14.986,-9.191],[12.961,21],[8.949,21]],"c":true}]},{"t":24,"s":[{"i":[[0,0],[-1.33,-0.093],[0,0],[0,0],[0,0]],"o":[[0,0],[1.33,0.093],[0,0],[0,0],[0,0]],"v":[[10.914,-8.07],[12.979,-8.93],[14.904,-7.793],[12.961,21],[8.949,21]],"c":true}]}],"ix":2},"nm":"Path 3","mn":"ADBE Vector Shape - Group","hd":false},{"ind":3,"ty":"sh","ix":4,"ks":{"a":1,"k":[{"i":{"x":0.667,"y":1},"o":{"x":0.333,"y":0},"t":4,"s":[{"i":[[0,0],[0,0],[0,0],[0,0]],"o":[[0,0],[0,0],[0,0],[0,0]],"v":[[-18,26],[18,26],[21.924,-15],[-22,-16]],"c":true}]},{"i":{"x":0.667,"y":1},"o":{"x":0.333,"y":0},"t":10,"s":[{"i":[[-2.909,-3.222],[-5.727,0.25],[1.713,19.028],[4.023,0.111]],"o":[[3.568,0.111],[3.591,-7.667],[-7.606,-0.417],[-2.318,13.778]],"v":[[-18,26],[18,26],[21.969,-11.944],[-21.955,-12.944]],"c":true}]},{"i":{"x":0.667,"y":1},"o":{"x":0.333,"y":0},"t":18,"s":[{"i":[[-1.306,-6.227],[-3.806,0.318],[-2.34,17.614],[4.023,0.111]],"o":[[3.568,0.111],[0.194,-12.25],[-7.606,-0.417],[3.25,14.977]],"v":[[-18,26],[18,26],[21.924,-15],[-22,-16]],"c":true}]},{"t":24,"s":[{"i":[[0,0],[0,0],[0,0],[0,0]],"o":[[0,0],[0,0],[0,0],[0,0]],"v":[[-18,26],[18,26],[21.924,-15],[-22,-16]],"c":true}]}],"ix":2},"nm":"Path 4","mn":"ADBE Vector Shape - Group","hd":false},{"ty":"fl","c":{"a":0,"k":[0,0,0,1],"ix":4},"o":{"a":0,"k":100,"ix":5},"r":1,"bm":0,"nm":"Fill 1","mn":"ADBE Vector Graphic - Fill","hd":false},{"ty":"tr","p":{"a":0,"k":[0,0],"ix":2},"a":{"a":0,"k":[0,0],"ix":1},"s":{"a":0,"k":[100,100],"ix":3},"r":{"a":0,"k":0,"ix":6},"o":{"a":0,"k":100,"ix":7},"sk":{"a":0,"k":0,"ix":4},"sa":{"a":0,"k":0,"ix":5},"nm":"Transform"}],"nm":"Group 1","np":5,"cix":2,"bm":0,"ix":1,"mn":"ADBE Vector Group","hd":false}],"ip":0,"op":29,"st":0,"ct":1,"bm":0},{"ddd":0,"ind":2,"ty":4,"nm":"top","sr":1,"ks":{"o":{"a":0,"k":100,"ix":11},"r":{"a":1,"k":[{"i":{"x":[0.667],"y":[1]},"o":{"x":[0.333],"y":[0]},"t":4,"s":[0]},{"i":{"x":[0.667],"y":[1]},"o":{"x":[0.333],"y":[0]},"t":10,"s":[14]},{"i":{"x":[0.667],"y":[1]},"o":{"x":[0.333],"y":[0]},"t":18,"s":[0]},{"t":24,"s":[0]}],"ix":10},"p":{"a":1,"k":[{"i":{"x":0.667,"y":1},"o":{"x":0.333,"y":0},"t":4,"s":[57,14,0],"to":[0,1.146,0],"ti":[0,0.375,0]},{"i":{"x":0.667,"y":1},"o":{"x":0.333,"y":0},"t":10,"s":[57,20.875,0],"to":[0,-0.375,0],"ti":[0,1.146,0]},{"i":{"x":0.667,"y":1},"o":{"x":0.333,"y":0},"t":18,"s":[57,11.75,0],"to":[0,-1.146,0],"ti":[0,-0.375,0]},{"t":24,"s":[57,14,0]}],"ix":2,"l":2},"a":{"a":0,"k":[25,-18,0],"ix":1,"l":2},"s":{"a":0,"k":[100,100,100],"ix":6,"l":2}},"ao":0,"shapes":[{"ty":"gr","it":[{"ind":0,"ty":"sh","ix":1,"ks":{"a":0,"k":{"i":[[0,0],[0,0],[0,0],[0,0]],"o":[[0,0],[0,0],[0,0],[0,0]],"v":[[4,-23],[-4,-23],[-4,-25],[4,-25]],"c":true},"ix":2},"nm":"Path 1","mn":"ADBE Vector Shape - Group","hd":false},{"ind":1,"ty":"sh","ix":2,"ks":{"a":0,"k":{"i":[[0,0],[0,0],[0,0],[2.209,0],[0,0],[0,-2.209],[0,0],[0,0],[0,0],[0,0],[0,0],[0,0]],"o":[[0,0],[0,0],[0,-2.209],[0,0],[-2.209,0],[0,0],[0,0],[0,0],[0,0],[0,0],[0,0],[0,0]],"v":[[8.4,-23],[8,-23],[8,-25],[4,-29],[-4,-29],[-8,-25],[-8,-23],[-8.4,-23],[-25,-21],[-25,-18],[25,-18],[25,-21]],"c":true},"ix":2},"nm":"Path 2","mn":"ADBE Vector Shape - Group","hd":false},{"ty":"fl","c":{"a":0,"k":[0,0,0,1],"ix":4},"o":{"a":0,"k":100,"ix":5},"r":1,"bm":0,"nm":"Fill 1","mn":"ADBE Vector Graphic - Fill","hd":false},{"ty":"tr","p":{"a":0,"k":[0,0],"ix":2},"a":{"a":0,"k":[0,0],"ix":1},"s":{"a":0,"k":[100,100],"ix":3},"r":{"a":0,"k":0,"ix":6},"o":{"a":0,"k":100,"ix":7},"sk":{"a":0,"k":0,"ix":4},"sa":{"a":0,"k":0,"ix":5},"nm":"Transform"}],"nm":"Group 1","np":3,"cix":2,"bm":0,"ix":1,"mn":"ADBE Vector Group","hd":false}],"ip":0,"op":29,"st":0,"ct":1,"bm":0}],"markers":[]}