{"v":"5.9.6","fr":24,"ip":0,"op":28,"w":64,"h":64,"nm":"edit2","ddd":0,"assets":[],"layers":[{"ddd":0,"ind":1,"ty":4,"nm":"pencil","sr":1,"ks":{"o":{"a":0,"k":100,"ix":11},"r":{"a":1,"k":[{"i":{"x":[0.422],"y":[1]},"o":{"x":[0.445],"y":[0]},"t":5,"s":[0]},{"i":{"x":[0.667],"y":[1]},"o":{"x":[0.167],"y":[0]},"t":13,"s":[-45]},{"t":25,"s":[0]}],"ix":10},"p":{"a":1,"k":[{"i":{"x":0.667,"y":1},"o":{"x":0.333,"y":0},"t":3,"s":[37.134,33.792,0],"to":[-1.146,0,0],"ti":[-1.463,0,0]},{"i":{"x":0.422,"y":1},"o":{"x":0.445,"y":0},"t":5,"s":[30.259,33.792,0],"to":[1.463,0,0],"ti":[-1.146,0,0]},{"i":{"x":0.667,"y":1},"o":{"x":0.167,"y":0},"t":13,"s":[45.911,33.792,0],"to":[1.146,0,0],"ti":[1.463,0,0]},{"t":25,"s":[37.134,33.792,0]}],"ix":2,"l":2},"a":{"a":0,"k":[32,32,0],"ix":1,"l":2},"s":{"a":0,"k":[100,100,100],"ix":6,"l":2}},"ao":0,"shapes":[{"ty":"gr","it":[{"ind":0,"ty":"sh","ix":1,"ks":{"a":0,"k":{"i":[[3.5,3.5],[0,0],[0,0],[0,0],[0,0]],"o":[[-3.5,-3.5],[0,0],[0,0],[0,0],[0,0]],"v":[[4.09,-4.09],[-2.91,-6.09],[-7.59,-1.41],[1.41,7.59],[6.09,2.91]],"c":true},"ix":2},"nm":"Path 1","mn":"ADBE Vector Shape - Group","hd":false},{"ty":"fl","c":{"a":0,"k":[0,0,0,1],"ix":4},"o":{"a":0,"k":100,"ix":5},"r":1,"bm":0,"nm":"Fill 1","mn":"ADBE Vector Graphic - Fill","hd":false},{"ty":"tr","p":{"a":0,"k":[50.59,13.41],"ix":2},"a":{"a":0,"k":[0,0],"ix":1},"s":{"a":0,"k":[100,100],"ix":3},"r":{"a":0,"k":0,"ix":6},"o":{"a":0,"k":100,"ix":7},"sk":{"a":0,"k":0,"ix":4},"sa":{"a":0,"k":0,"ix":5},"nm":"Transform"}],"nm":"Group 1","np":2,"cix":2,"bm":0,"ix":1,"mn":"ADBE Vector Group","hd":false},{"ty":"gr","it":[{"ind":0,"ty":"sh","ix":1,"ks":{"a":1,"k":[{"i":{"x":0.833,"y":0.833},"o":{"x":0.445,"y":0},"t":5,"s":[{"i":[[0,0],[0,0],[0,0],[-0.362,-1.086],[0,0],[-1,-1],[0,0],[0,0]],"o":[[1.5,1.5],[0,0],[1.086,0.362],[0,0],[0,0],[0,0],[0,0],[0,0]],"v":[[-16.5,8],[-15.5,12],[-14.226,12.425],[-11.925,14.726],[-11.5,16],[-7.5,17],[16.5,-7],[8.5,-17]],"c":true}]},{"i":{"x":0.422,"y":1},"o":{"x":0.167,"y":0.167},"t":9,"s":[{"i":[[0,0],[0,0],[0,0],[-0.362,-1.086],[0,0],[-1,-1],[0,0],[0,0]],"o":[[1.5,1.5],[0,0],[1.086,0.362],[0,0],[0,0],[0,0],[0,0],[0,0]],"v":[[-12.9,1.624],[-11.9,5.624],[-10.626,6.049],[-8.325,8.35],[-7.9,9.624],[-3.9,10.624],[16.5,-7],[8.5,-17]],"c":true}]},{"i":{"x":0.833,"y":0.833},"o":{"x":0.167,"y":0},"t":13,"s":[{"i":[[0,0],[0,0],[0,0],[-0.362,-1.086],[0,0],[-1,-1],[0,0],[0,0]],"o":[[1.5,1.5],[0,0],[1.086,0.362],[0,0],[0,0],[0,0],[0,0],[0,0]],"v":[[-9.773,1.097],[-8.773,5.097],[-7.499,5.522],[-5.198,7.823],[-4.773,9.097],[-0.773,10.097],[16.5,-7],[8.5,-17]],"c":true}]},{"i":{"x":0.667,"y":1},"o":{"x":0.167,"y":0.167},"t":17,"s":[{"i":[[0,0],[0,0],[0,0],[-0.362,-1.086],[0,0],[-1,-1],[0,0],[0,0]],"o":[[1.5,1.5],[0,0],[1.086,0.362],[0,0],[0,0],[0,0],[0,0],[0,0]],"v":[[-12.9,1.624],[-11.9,5.624],[-10.626,6.049],[-8.325,8.35],[-7.9,9.624],[-3.9,10.624],[16.5,-7],[8.5,-17]],"c":true}]},{"t":25,"s":[{"i":[[0,0],[0,0],[0,0],[-0.362,-1.086],[0,0],[-1,-1],[0,0],[0,0]],"o":[[1.5,1.5],[0,0],[1.086,0.362],[0,0],[0,0],[0,0],[0,0],[0,0]],"v":[[-16.5,8],[-15.5,12],[-14.226,12.425],[-11.925,14.726],[-11.5,16],[-7.5,17],[16.5,-7],[8.5,-17]],"c":true}]}],"ix":2},"nm":"Path 1","mn":"ADBE Vector Shape - Group","hd":false},{"ty":"fl","c":{"a":0,"k":[0,0,0,1],"ix":4},"o":{"a":0,"k":100,"ix":5},"r":1,"bm":0,"nm":"Fill 1","mn":"ADBE Vector Graphic - Fill","hd":false},{"ty":"tr","p":{"a":0,"k":[29.5,34],"ix":2},"a":{"a":0,"k":[0,0],"ix":1},"s":{"a":0,"k":[100,100],"ix":3},"r":{"a":0,"k":0,"ix":6},"o":{"a":0,"k":100,"ix":7},"sk":{"a":0,"k":0,"ix":4},"sa":{"a":0,"k":0,"ix":5},"nm":"Transform"}],"nm":"Group 2","np":2,"cix":2,"bm":0,"ix":2,"mn":"ADBE Vector Group","hd":false},{"ty":"gr","it":[{"ind":0,"ty":"sh","ix":1,"ks":{"a":1,"k":[{"i":{"x":0.833,"y":0.833},"o":{"x":0.445,"y":0},"t":5,"s":[{"i":[[0,0],[-1.49,0.614],[0,0],[0,0]],"o":[[-0.614,1.49],[0,0],[0,0],[0,0]],"v":[[-3.115,0.747],[-0.747,3.115],[3.729,1.271],[-1.271,-3.729]],"c":true}]},{"i":{"x":0.422,"y":1},"o":{"x":0.167,"y":0.167},"t":9,"s":[{"i":[[0,0],[-1.49,0.614],[0,0],[0,0]],"o":[[-0.614,1.49],[0,0],[0,0],[0,0]],"v":[[0.485,-5.628],[2.852,-3.261],[7.328,-5.104],[2.328,-10.104]],"c":true}]},{"i":{"x":0.833,"y":0.833},"o":{"x":0.167,"y":0},"t":13,"s":[{"i":[[0,0],[-1.49,0.614],[0,0],[0,0]],"o":[[-0.614,1.49],[0,0],[0,0],[0,0]],"v":[[3.612,-6.155],[5.979,-3.788],[10.455,-5.631],[5.455,-10.631]],"c":true}]},{"i":{"x":0.667,"y":1},"o":{"x":0.167,"y":0.167},"t":17,"s":[{"i":[[0,0],[-1.49,0.614],[0,0],[0,0]],"o":[[-0.614,1.49],[0,0],[0,0],[0,0]],"v":[[0.485,-5.628],[2.852,-3.261],[7.328,-5.104],[2.328,-10.104]],"c":true}]},{"t":25,"s":[{"i":[[0,0],[-1.49,0.614],[0,0],[0,0]],"o":[[-0.614,1.49],[0,0],[0,0],[0,0]],"v":[[-3.115,0.747],[-0.747,3.115],[3.729,1.271],[-1.271,-3.729]],"c":true}]}],"ix":2},"nm":"Path 1","mn":"ADBE Vector Shape - Group","hd":false},{"ty":"fl","c":{"a":0,"k":[0,0,0,1],"ix":4},"o":{"a":0,"k":100,"ix":5},"r":1,"bm":0,"nm":"Fill 1","mn":"ADBE Vector Graphic - Fill","hd":false},{"ty":"tr","p":{"a":0,"k":[10.271,53.729],"ix":2},"a":{"a":0,"k":[0,0],"ix":1},"s":{"a":0,"k":[100,100],"ix":3},"r":{"a":0,"k":0,"ix":6},"o":{"a":0,"k":100,"ix":7},"sk":{"a":0,"k":0,"ix":4},"sa":{"a":0,"k":0,"ix":5},"nm":"Transform"}],"nm":"Group 3","np":2,"cix":2,"bm":0,"ix":3,"mn":"ADBE Vector Group","hd":false}],"ip":0,"op":29,"st":0,"ct":1,"bm":0},{"ddd":0,"ind":2,"ty":4,"nm":"line","sr":1,"ks":{"o":{"a":0,"k":100,"ix":11},"r":{"a":0,"k":0,"ix":10},"p":{"a":0,"k":[30.285,40.409,0],"ix":2,"l":2},"a":{"a":0,"k":[0,0,0],"ix":1,"l":2},"s":{"a":0,"k":[73.523,73.523,100],"ix":6,"l":2}},"ao":0,"shapes":[{"ty":"gr","it":[{"ind":0,"ty":"sh","ix":1,"ks":{"a":0,"k":{"i":[[0,0],[0,0]],"o":[[0,0],[0,0]],"v":[[-32.466,26.026],[22.989,25.705]],"c":false},"ix":2},"nm":"Path 1","mn":"ADBE Vector Shape - Group","hd":false},{"ty":"st","c":{"a":0,"k":[0.025904999527,0.00449599986,0.00449599986,1],"ix":3},"o":{"a":0,"k":100,"ix":4},"w":{"a":0,"k":3,"ix":5},"lc":1,"lj":1,"ml":4,"bm":0,"nm":"Stroke 1","mn":"ADBE Vector Graphic - Stroke","hd":false},{"ty":"fl","c":{"a":0,"k":[1,1,1,1],"ix":4},"o":{"a":0,"k":100,"ix":5},"r":1,"bm":0,"nm":"Fill 1","mn":"ADBE Vector Graphic - Fill","hd":false},{"ty":"tr","p":{"a":0,"k":[0,0],"ix":2},"a":{"a":0,"k":[0,0],"ix":1},"s":{"a":0,"k":[100,100],"ix":3},"r":{"a":0,"k":0,"ix":6},"o":{"a":0,"k":100,"ix":7},"sk":{"a":0,"k":0,"ix":4},"sa":{"a":0,"k":0,"ix":5},"nm":"Transform"}],"nm":"Shape 1","np":3,"cix":2,"bm":0,"ix":1,"mn":"ADBE Vector Group","hd":false},{"ty":"tm","s":{"a":1,"k":[{"i":{"x":[0.667],"y":[1]},"o":{"x":[0.333],"y":[0]},"t":14,"s":[0]},{"t":18,"s":[100]}],"ix":1},"e":{"a":1,"k":[{"i":{"x":[0.481],"y":[1.011]},"o":{"x":[0.386],"y":[-0.012]},"t":5,"s":[0]},{"t":13,"s":[100]}],"ix":2},"o":{"a":0,"k":0,"ix":3},"m":1,"ix":2,"nm":"Trim Paths 1","mn":"ADBE Vector Filter - Trim","hd":false}],"ip":0,"op":29,"st":0,"ct":1,"bm":0}],"markers":[]}